<?xml version="1.0" encoding="UTF-8"?>
<project-private xmlns="http://www.netbeans.org/ns/project-private/1">
    <editor-bookmarks xmlns="http://www.netbeans.org/ns/editor-bookmarks/2" lastBookmarkId="0"/>
    <open-files xmlns="http://www.netbeans.org/ns/projectui-open-files/2">
        <group>
            <file>file:/C:/Users/farah%20hesham/Documents/NetBeansProjects/Elite%20Coders%20Final/src/elite/coders/pkgfinal/CustomerReceipt.java</file>
            <file>file:/C:/Users/farah%20hesham/Documents/NetBeansProjects/Elite%20Coders%20Final/src/elite/coders/pkgfinal/css.css</file>
            <file>file:/C:/Users/farah%20hesham/Documents/NetBeansProjects/Elite%20Coders%20Final/src/elite/coders/pkgfinal/Inventory.java</file>
            <file>file:/C:/Users/farah%20hesham/Documents/NetBeansProjects/Elite%20Coders%20Final/src/elite/coders/pkgfinal/Order.java</file>
            <file>file:/C:/Users/farah%20hesham/Documents/NetBeansProjects/Elite%20Coders%20Final/src/elite/coders/pkgfinal/Transactions.java</file>
            <file>file:/C:/Users/farah%20hesham/Documents/NetBeansProjects/Elite%20Coders%20Final/src/elite/coders/pkgfinal/EliteCodersFinal.java</file>
            <file>file:/C:/Users/farah%20hesham/Documents/NetBeansProjects/Elite%20Coders%20Final/src/elite/coders/pkgfinal/Instruments.java</file>
            <file>file:/C:/Users/farah%20hesham/Documents/NetBeansProjects/Elite%20Coders%20Final/src/elite/coders/pkgfinal/Customer.java</file>
            <file>file:/C:/Users/farah%20hesham/Documents/NetBeansProjects/Elite%20Coders%20Final/src/elite/coders/pkgfinal/Person.java</file>
        </group>
    </open-files>
</project-private>
